bedrooms,house_size,floor,city,price
5.0,2153.0,3.0,Bengaluru,696376
5.0,3320.0,2.0,Bengaluru,928494
3.0,1253.0,3.0,Gurugram,392006
4.0,717.0,2.0,Gurugram,356077
2.0,1404.0,2.0,,266257
4.0,1061.0,1.0,Gurugram,354143
2.0,3712.0,2.0,Gurugram,690208
2.0,2045.0,1.0,Gurugram,413267
2.0,3042.0,2.0,Gurugram,583380
4.0,1754.0,,Bengaluru,574107
3.0,3120.0,1.0,Bengaluru,750412
3.0,1958.0,2.0,Bengaluru,602864
5.0,764.0,2.0,Gurugram,353804
5.0,1773.0,3.0,Bengaluru,648335
5.0,668.0,3.0,Noida,357030
1.0,3022.0,3.0,Gurugram,512432
4.0,3451.0,2.0,Gurugram,732627
1.0,1318.0,1.0,,248143
4.0,2426.0,3.0,Noida,478693
5.0,,1.0,Gurugram,484238
3.0,3493.0,3.0,Bengaluru,868064
,3913.0,1.0,Gurugram,693837
5.0,1083.0,3.0,Gurugram,434520
2.0,3778.0,1.0,Bengaluru,904193
3.0,3735.0,1.0,Noida,549519
4.0,2969.0,1.0,Gurugram,677055
2.0,,1.0,Bengaluru,367569
1.0,727.0,2.0,Noida,167501
4.0,1466.0,3.0,Bengaluru,494799
5.0,1736.0,3.0,Noida,425853
,3831.0,2.0,Noida,598209
2.0,1820.0,2.0,Gurugram,358828
2.0,688.0,2.0,Gurugram,187474
2.0,1714.0,3.0,Bengaluru,467728
1.0,742.0,3.0,Noida,163909
5.0,896.0,1.0,Noida,323931
1.0,3866.0,3.0,Bengaluru,849917
2.0,2617.0,1.0,Bengaluru,643640
1.0,1116.0,1.0,Bengaluru,267433
2.0,2491.0,2.0,Bengaluru,626840
3.0,1687.0,1.0,Gurugram,421145
3.0,2413.0,3.0,Gurugram,533065
4.0,794.0,,Bengaluru,372043
4.0,2851.0,3.0,Bengaluru,800701
2.0,3004.0,2.0,Bengaluru,733768
5.0,3693.0,3.0,Noida,687638
,644.0,,Bengaluru,391933
3.0,2278.0,3.0,Noida,379225
4.0,850.0,2.0,Gurugram,358477
4.0,2570.0,1.0,Bengaluru,736730
5.0,3652.0,3.0,Gurugram,826432
5.0,812.0,1.0,Bengaluru,441586
5.0,2003.0,2.0,Bengaluru,674241
4.0,3971.0,2.0,Bengaluru,1041117
2.0,,1.0,Gurugram,271116
1.0,3454.0,1.0,Gurugram,585224
1.0,716.0,3.0,Noida,144344
2.0,997.0,3.0,Noida,225382
2.0,1053.0,3.0,Noida,235656
4.0,1099.0,2.0,Noida,315887
5.0,1928.0,1.0,Bengaluru,611004
5.0,2537.0,2.0,Noida,554741
3.0,1989.0,2.0,Gurugram,446626
5.0,3109.0,1.0,Noida,569120
3.0,507.0,1.0,Gurugram,227952
4.0,3794.0,3.0,,807565
2.0,514.0,3.0,Gurugram,224338
3.0,1606.0,3.0,Noida,294593
2.0,1493.0,1.0,Bengaluru,424262
1.0,3001.0,3.0,,548924
5.0,2008.0,1.0,Bengaluru,655162
1.0,1004.0,3.0,Bengaluru,276977
4.0,3423.0,2.0,Gurugram,759862
,2676.0,1.0,Bengaluru,818045
4.0,,,Noida,459415
5.0,2812.0,1.0,Noida,550169
4.0,645.0,3.0,Noida,303532
5.0,1600.0,1.0,Bengaluru,567149
4.0,3447.0,2.0,Gurugram,735996
5.0,,2.0,Noida,450619
5.0,2537.0,3.0,Bengaluru,768514
4.0,3557.0,3.0,Gurugram,721984
3.0,543.0,2.0,Gurugram,282779
3.0,2683.0,1.0,Gurugram,549106
5.0,2295.0,3.0,Bengaluru,693611
4.0,700.0,2.0,Gurugram,311063
3.0,2683.0,2.0,Gurugram,585100
3.0,3560.0,3.0,Bengaluru,895112
,3365.0,1.0,Noida,439174
3.0,2583.0,2.0,Bengaluru,694629
4.0,652.0,2.0,Gurugram,318112
4.0,3773.0,3.0,Gurugram,778743
5.0,2255.0,1.0,Bengaluru,716567
5.0,2698.0,2.0,Bengaluru,800807
5.0,2206.0,1.0,Bengaluru,706403
3.0,,3.0,Bengaluru,684886
3.0,2590.0,1.0,Noida,426458
4.0,2391.0,2.0,Bengaluru,698547
2.0,1721.0,1.0,Bengaluru,474681
5.0,1701.0,1.0,Noida,433534
2.0,1976.0,3.0,Noida,318394
4.0,1302.0,3.0,Gurugram,457658
1.0,2351.0,,Gurugram,398845
1.0,3497.0,,Gurugram,635944
2.0,1803.0,,Gurugram,431039
3.0,3334.0,2.0,Bengaluru,833959
2.0,2057.0,1.0,Noida,347415
2.0,2657.0,3.0,Gurugram,530405
2.0,2457.0,2.0,Gurugram,433893
5.0,2803.0,1.0,Noida,559458
1.0,1508.0,2.0,Bengaluru,376263
4.0,3112.0,,Noida,575428
1.0,2440.0,1.0,Gurugram,387843
1.0,2936.0,2.0,Bengaluru,633606
3.0,1136.0,3.0,Gurugram,355621
2.0,1159.0,1.0,Noida,243160
5.0,1242.0,3.0,Bengaluru,514522
2.0,1851.0,3.0,Noida,324335
3.0,1225.0,2.0,Gurugram,364578
3.0,1734.0,2.0,Bengaluru,469807
4.0,2755.0,2.0,Bengaluru,781878
3.0,3298.0,3.0,Bengaluru,832808
1.0,1825.0,1.0,Noida,246521
5.0,2902.0,2.0,,586052
2.0,1941.0,3.0,Bengaluru,546033
3.0,2923.0,2.0,Bengaluru,758095
4.0,1226.0,1.0,Bengaluru,447380
2.0,,3.0,Gurugram,206078
4.0,896.0,2.0,Gurugram,359566
4.0,1269.0,2.0,Noida,353628
5.0,3834.0,3.0,Bengaluru,1049787
4.0,3505.0,3.0,Noida,562609
3.0,3526.0,3.0,Bengaluru,902427
1.0,3978.0,3.0,Bengaluru,909846
2.0,3590.0,3.0,Noida,471506
1.0,1315.0,2.0,Gurugram,217176
2.0,1250.0,3.0,Bengaluru,345205
4.0,718.0,2.0,Bengaluru,383485
5.0,2851.0,3.0,Noida,562631
2.0,3560.0,,Noida,485206
4.0,953.0,3.0,Bengaluru,416985
2.0,1133.0,3.0,Bengaluru,306062
2.0,1545.0,2.0,Noida,274721
5.0,3643.0,2.0,Gurugram,809737
4.0,3842.0,1.0,Noida,583322
4.0,3990.0,3.0,,831746
2.0,1642.0,3.0,Bengaluru,450599
2.0,2418.0,1.0,Bengaluru,595558
4.0,2208.0,1.0,Bengaluru,638596
1.0,2335.0,2.0,Noida,321334
4.0,1639.0,2.0,Noida,403888
2.0,3086.0,2.0,Gurugram,626745
,3553.0,2.0,Noida,519679
4.0,757.0,3.0,Gurugram,312581
4.0,3743.0,3.0,Gurugram,809343
3.0,1530.0,3.0,Noida,337068
1.0,1604.0,2.0,Gurugram,313438
2.0,2176.0,2.0,Gurugram,425301
4.0,845.0,3.0,Bengaluru,391720
1.0,2295.0,3.0,Bengaluru,543356
5.0,512.0,1.0,Bengaluru,362814
2.0,3892.0,1.0,Gurugram,701351
,1550.0,3.0,Bengaluru,392152
2.0,3924.0,3.0,Bengaluru,916997
3.0,803.0,3.0,Bengaluru,345244
3.0,941.0,1.0,Bengaluru,345465
5.0,690.0,1.0,Gurugram,376171
5.0,3405.0,3.0,Bengaluru,998154
1.0,929.0,3.0,Bengaluru,270319
4.0,1224.0,2.0,Noida,323961
3.0,3561.0,1.0,Bengaluru,870270
4.0,2502.0,2.0,Noida,455510
5.0,2322.0,1.0,Gurugram,582787
5.0,554.0,2.0,Noida,317054
2.0,3849.0,1.0,Bengaluru,882251
1.0,1151.0,1.0,Gurugram,284127
4.0,,3.0,Gurugram,389330
2.0,1628.0,3.0,Noida,300035
3.0,3329.0,,Bengaluru,813157
,2337.0,3.0,Gurugram,407382
1.0,2018.0,3.0,Gurugram,344331
1.0,1406.0,2.0,Bengaluru,350183
1.0,2439.0,3.0,Gurugram,450187
2.0,3392.0,2.0,Noida,452523
5.0,,1.0,Bengaluru,991842
3.0,1258.0,3.0,Bengaluru,438925
4.0,1443.0,2.0,Gurugram,416990
5.0,2449.0,2.0,Bengaluru,780738
5.0,523.0,1.0,,370742
5.0,3161.0,3.0,Noida,599659
1.0,,3.0,Bengaluru,496192
1.0,,2.0,Gurugram,245011
5.0,2614.0,3.0,Bengaluru,795680
4.0,1335.0,3.0,Bengaluru,494410
4.0,2165.0,1.0,Noida,403125
3.0,2678.0,3.0,Bengaluru,705285
2.0,3493.0,3.0,Noida,420928
4.0,3498.0,3.0,Bengaluru,929026
3.0,669.0,3.0,Noida,228390
1.0,2640.0,3.0,Gurugram,525834
2.0,1567.0,1.0,Gurugram,355532
5.0,584.0,3.0,Noida,353832
4.0,1346.0,1.0,Gurugram,420780
1.0,627.0,2.0,Gurugram,147826
1.0,3143.0,1.0,Gurugram,544322
3.0,2547.0,1.0,Noida,381010
4.0,1894.0,2.0,Noida,402567
1.0,2686.0,3.0,Bengaluru,621733
3.0,2811.0,2.0,Bengaluru,708352
2.0,2494.0,1.0,Noida,356634
1.0,2229.0,2.0,Bengaluru,509360
5.0,3168.0,3.0,,901366
,1844.0,1.0,Noida,321869
3.0,1450.0,1.0,Bengaluru,433286
1.0,1975.0,,Bengaluru,499941
5.0,2023.0,3.0,Bengaluru,663536
5.0,2917.0,2.0,Bengaluru,864921
5.0,2684.0,2.0,Bengaluru,810495
1.0,3245.0,2.0,Noida,382904
1.0,2181.0,2.0,Bengaluru,470141
5.0,2723.0,1.0,Gurugram,679351
1.0,3137.0,2.0,Bengaluru,690626
3.0,3835.0,1.0,Gurugram,730082
2.0,2777.0,1.0,Bengaluru,647834
2.0,3665.0,2.0,Noida,483987
2.0,3755.0,2.0,Bengaluru,863259
4.0,3229.0,2.0,Gurugram,678913
1.0,1331.0,3.0,Noida,235575
3.0,,2.0,Bengaluru,568239
4.0,1167.0,1.0,Bengaluru,464263
3.0,3803.0,1.0,Noida,547685
3.0,1366.0,1.0,Gurugram,372163
,2865.0,3.0,Bengaluru,696835
4.0,1063.0,1.0,Bengaluru,440262
,855.0,2.0,Noida,368275
2.0,3732.0,2.0,Noida,495527
1.0,3723.0,2.0,Gurugram,626803
1.0,,,Noida,182779
1.0,2250.0,3.0,Noida,293578
5.0,2992.0,2.0,Bengaluru,898649
1.0,3365.0,3.0,Bengaluru,784930
3.0,2953.0,1.0,Noida,470478
4.0,1372.0,2.0,Gurugram,453229
5.0,2474.0,1.0,Noida,510059
3.0,2412.0,1.0,Noida,390285
,1280.0,2.0,Noida,288031
3.0,3625.0,3.0,Noida,544516
2.0,3175.0,2.0,Noida,462110
2.0,741.0,3.0,Noida,211985
3.0,3398.0,1.0,Noida,473866
5.0,3590.0,3.0,Bengaluru,988452
3.0,2698.0,1.0,Bengaluru,691819
5.0,3690.0,2.0,Bengaluru,1009779
3.0,2819.0,2.0,Gurugram,629521
2.0,1634.0,1.0,Bengaluru,414533
1.0,836.0,3.0,Gurugram,206366
1.0,2000.0,1.0,Noida,264794
2.0,1264.0,2.0,Bengaluru,345358
5.0,2108.0,2.0,Gurugram,582201
2.0,3548.0,2.0,Noida,447453
2.0,2823.0,2.0,Noida,408606
4.0,3151.0,2.0,Bengaluru,829424
3.0,1346.0,1.0,Bengaluru,425515
1.0,2092.0,3.0,Gurugram,397649
1.0,1991.0,2.0,Gurugram,365692
1.0,3905.0,3.0,Noida,491720
2.0,1213.0,2.0,Noida,256009
1.0,1197.0,2.0,Gurugram,256147
1.0,1753.0,3.0,Noida,247202
,3953.0,2.0,Noida,643012
2.0,,2.0,Bengaluru,666321
5.0,1354.0,1.0,Gurugram,447956
4.0,1063.0,3.0,Bengaluru,415938
1.0,1510.0,2.0,Gurugram,301700
1.0,1185.0,1.0,Noida,195050
2.0,3225.0,2.0,Bengaluru,753195
2.0,2544.0,2.0,Bengaluru,597500
4.0,1401.0,2.0,Gurugram,400133
3.0,930.0,3.0,Noida,244371
,2793.0,1.0,Noida,552495
2.0,2597.0,2.0,Gurugram,509529
1.0,504.0,3.0,,115925
1.0,1374.0,1.0,Gurugram,267917
4.0,1354.0,1.0,,354840
4.0,750.0,2.0,Bengaluru,371631
5.0,2072.0,2.0,Noida,483696
4.0,2511.0,2.0,Gurugram,579423
3.0,3339.0,,Bengaluru,812312
4.0,1647.0,1.0,,437018
3.0,2940.0,1.0,,726341
2.0,1698.0,3.0,Gurugram,416090
4.0,2681.0,1.0,Bengaluru,745247
3.0,1210.0,3.0,Gurugram,358986
4.0,1928.0,1.0,Gurugram,487071
2.0,2776.0,1.0,Bengaluru,699081
5.0,2802.0,1.0,Gurugram,671485
5.0,1770.0,2.0,Bengaluru,602729
5.0,,1.0,Noida,484168
1.0,694.0,2.0,Bengaluru,198025
5.0,1970.0,3.0,Gurugram,557067
3.0,795.0,3.0,Bengaluru,340581
4.0,3680.0,1.0,Gurugram,755076
2.0,3654.0,2.0,Bengaluru,846705
5.0,3908.0,1.0,Bengaluru,1021317
1.0,2233.0,1.0,Noida,308198
2.0,1105.0,2.0,,256144
3.0,2627.0,3.0,Gurugram,549642
3.0,893.0,2.0,Gurugram,335879
1.0,,3.0,Gurugram,458322
3.0,3942.0,2.0,Bengaluru,961494
1.0,3245.0,2.0,Bengaluru,733389
2.0,1920.0,3.0,Noida,309141
1.0,,3.0,Bengaluru,564576
4.0,2586.0,1.0,Bengaluru,731222
3.0,2002.0,3.0,Gurugram,457799
2.0,1781.0,1.0,Gurugram,373422
3.0,1307.0,2.0,Bengaluru,419071
3.0,2046.0,1.0,Bengaluru,585378
5.0,1276.0,3.0,,412790
1.0,3891.0,3.0,Noida,476831
5.0,947.0,1.0,Noida,338600
2.0,2464.0,2.0,Bengaluru,596910
4.0,3531.0,2.0,,774307
4.0,2566.0,3.0,Bengaluru,722453
3.0,3412.0,3.0,Gurugram,724360
4.0,2644.0,2.0,Gurugram,607939
4.0,936.0,1.0,Bengaluru,432896
5.0,2154.0,3.0,Gurugram,608134
2.0,2522.0,2.0,Gurugram,486199
1.0,3891.0,3.0,Bengaluru,900467
1.0,2394.0,2.0,Noida,315185
1.0,1850.0,2.0,Bengaluru,435083
4.0,1986.0,1.0,Gurugram,491614
4.0,2823.0,3.0,Bengaluru,828952
4.0,1877.0,3.0,Bengaluru,592685
4.0,2849.0,3.0,Gurugram,666045
4.0,3619.0,3.0,Gurugram,772908
4.0,3824.0,2.0,Gurugram,810808
4.0,2561.0,3.0,Gurugram,646918
2.0,1412.0,1.0,Gurugram,360653
3.0,3968.0,2.0,Gurugram,715326
5.0,646.0,1.0,Noida,318241
4.0,535.0,1.0,Noida,253952
4.0,3363.0,1.0,Noida,560625
2.0,3872.0,3.0,Gurugram,697035
3.0,2307.0,2.0,Gurugram,532776
2.0,2768.0,3.0,Bengaluru,675663
4.0,1033.0,1.0,Gurugram,382363
4.0,,2.0,Gurugram,403294
4.0,1791.0,2.0,Noida,408385
2.0,3969.0,1.0,Noida,508274
5.0,3042.0,3.0,Gurugram,741253
4.0,2955.0,1.0,Bengaluru,775480
1.0,1729.0,3.0,Noida,248164
3.0,1380.0,1.0,Noida,306757
5.0,1898.0,2.0,Noida,466773
3.0,783.0,1.0,Noida,192013
1.0,3920.0,1.0,Bengaluru,890457
4.0,2228.0,1.0,Gurugram,534807
4.0,3577.0,1.0,Bengaluru,966188
5.0,,3.0,Noida,307096
2.0,3364.0,1.0,Gurugram,609601
3.0,2931.0,1.0,Bengaluru,719595
1.0,3706.0,1.0,Bengaluru,774302
,3559.0,1.0,Gurugram,697590
3.0,2837.0,,Noida,457083
2.0,2898.0,3.0,Noida,431538
4.0,1628.0,3.0,Gurugram,457716
4.0,3057.0,1.0,Bengaluru,823937
5.0,3544.0,3.0,Gurugram,835095
2.0,918.0,1.0,Gurugram,261112
1.0,3566.0,2.0,Bengaluru,799048
5.0,3790.0,1.0,Gurugram,810324
2.0,1590.0,1.0,Bengaluru,444451
1.0,3661.0,1.0,Noida,428234
5.0,3468.0,2.0,Gurugram,784082
4.0,2721.0,2.0,Gurugram,593776
2.0,1583.0,1.0,Gurugram,400916
3.0,665.0,3.0,Bengaluru,327001
3.0,1237.0,3.0,,332892
2.0,2551.0,1.0,Noida,365242
5.0,3746.0,,Bengaluru,1022675
1.0,3356.0,1.0,Noida,381898
4.0,1569.0,3.0,Noida,381263
2.0,3007.0,2.0,Bengaluru,735314
,2896.0,2.0,Gurugram,508164
2.0,835.0,3.0,Bengaluru,255486
,1091.0,3.0,Bengaluru,378512
1.0,1722.0,1.0,Noida,200670
4.0,1765.0,3.0,Gurugram,487869
5.0,3744.0,,Bengaluru,1017690
2.0,2350.0,3.0,Gurugram,484088
2.0,2908.0,3.0,Bengaluru,731041
3.0,1289.0,3.0,Gurugram,390348
2.0,1697.0,3.0,,496356
1.0,1250.0,3.0,Noida,221028
,1197.0,1.0,Bengaluru,433620
4.0,,,Bengaluru,752699
5.0,2712.0,1.0,Bengaluru,835996
1.0,2516.0,2.0,Gurugram,449079
5.0,2004.0,1.0,Bengaluru,675163
2.0,3976.0,2.0,Bengaluru,921693
2.0,2069.0,3.0,Noida,314446
1.0,2559.0,1.0,Gurugram,460087
4.0,2889.0,3.0,Gurugram,682474
4.0,1351.0,2.0,Gurugram,408914
5.0,2531.0,2.0,Gurugram,658120
5.0,545.0,3.0,Gurugram,363884
1.0,634.0,3.0,Gurugram,168272
2.0,,1.0,Bengaluru,863461
5.0,3568.0,2.0,Noida,627425
4.0,3650.0,1.0,,568507
1.0,1323.0,3.0,Noida,221126
1.0,,3.0,Gurugram,297053
4.0,3418.0,1.0,Bengaluru,890041
5.0,3168.0,,Bengaluru,872088
2.0,1831.0,1.0,Gurugram,393390
3.0,1056.0,1.0,Gurugram,348098
5.0,2754.0,3.0,Gurugram,695092
4.0,,2.0,Gurugram,385285
5.0,2919.0,,Gurugram,705128
4.0,2840.0,1.0,Gurugram,642871
1.0,3978.0,3.0,Bengaluru,848323
5.0,3500.0,2.0,Bengaluru,959766
4.0,3798.0,1.0,Noida,591161
3.0,1517.0,2.0,Noida,355383
1.0,987.0,1.0,Noida,163023
4.0,3658.0,2.0,Bengaluru,942644
3.0,1796.0,1.0,Noida,309878
,1288.0,2.0,Noida,377093
3.0,2526.0,,Bengaluru,677964
1.0,3367.0,1.0,Noida,400104
,751.0,1.0,Noida,253582
2.0,3218.0,2.0,Gurugram,589937
5.0,2036.0,3.0,Noida,475879
3.0,2098.0,1.0,Noida,366922
1.0,2270.0,3.0,Bengaluru,528058
2.0,3599.0,3.0,Bengaluru,839761
2.0,1087.0,1.0,Noida,200434
3.0,3531.0,3.0,Noida,550318
3.0,2247.0,2.0,Bengaluru,595057
2.0,2915.0,3.0,Bengaluru,705012
1.0,3542.0,2.0,Noida,430080
1.0,3650.0,2.0,Gurugram,644639
,3927.0,2.0,Gurugram,771824
1.0,739.0,3.0,Bengaluru,255485
3.0,946.0,2.0,Bengaluru,357536
5.0,,1.0,Noida,625009
3.0,3207.0,2.0,Bengaluru,829468
3.0,2430.0,3.0,Bengaluru,676641
3.0,2265.0,3.0,Gurugram,520757
5.0,2437.0,1.0,,618422
5.0,3897.0,1.0,Noida,676813
3.0,1435.0,1.0,Noida,311083
2.0,3857.0,1.0,Gurugram,673589
2.0,3787.0,,Gurugram,710290
5.0,2952.0,3.0,Noida,600108
4.0,1429.0,3.0,Noida,361024
1.0,2394.0,2.0,Gurugram,431010
3.0,998.0,2.0,Noida,274550
1.0,1690.0,3.0,Noida,256952
2.0,,1.0,Noida,348502
2.0,3408.0,2.0,Gurugram,633123
2.0,1915.0,2.0,Bengaluru,489706
3.0,2658.0,3.0,Gurugram,578421
2.0,1156.0,3.0,Gurugram,331670
1.0,1868.0,2.0,Gurugram,325241
1.0,1809.0,1.0,Noida,222799
1.0,1510.0,3.0,Bengaluru,351996
1.0,1330.0,3.0,Gurugram,294191
5.0,3023.0,1.0,Gurugram,685731
1.0,2379.0,1.0,Gurugram,403577
2.0,,3.0,Gurugram,543250
4.0,1597.0,2.0,Gurugram,488239
,2078.0,2.0,Noida,300028
4.0,3601.0,3.0,Noida,633203
2.0,1942.0,3.0,Gurugram,429997
,1419.0,1.0,Noida,277660
2.0,1233.0,3.0,Bengaluru,384537
1.0,561.0,2.0,Gurugram,201985
3.0,2406.0,2.0,Noida,449579
3.0,3398.0,1.0,Noida,522169
2.0,,1.0,Bengaluru,409198
4.0,710.0,2.0,Gurugram,297064
,3798.0,3.0,Gurugram,870134
5.0,1866.0,3.0,Bengaluru,643789
4.0,1576.0,3.0,Noida,387805
4.0,1401.0,1.0,Noida,376610
5.0,,1.0,,617467
,1650.0,2.0,Noida,357093
4.0,962.0,1.0,Bengaluru,438926
3.0,1847.0,1.0,Bengaluru,515257
4.0,3972.0,2.0,Gurugram,858596
2.0,1684.0,,Gurugram,389543
5.0,1740.0,1.0,Noida,435134
2.0,1057.0,1.0,Gurugram,280837
1.0,2901.0,1.0,Noida,347544
2.0,3111.0,1.0,Gurugram,573139
4.0,1524.0,1.0,Gurugram,453583
3.0,3555.0,2.0,Gurugram,684421
4.0,2165.0,1.0,Gurugram,505357
4.0,2579.0,1.0,Gurugram,612604
4.0,1036.0,3.0,Gurugram,392425
4.0,,3.0,Gurugram,296242
2.0,2864.0,3.0,Bengaluru,702345
2.0,3900.0,1.0,Gurugram,660052
5.0,535.0,3.0,Noida,349871
1.0,1071.0,2.0,Bengaluru,296679
4.0,2430.0,1.0,Gurugram,560205
2.0,757.0,2.0,Noida,189124
4.0,3743.0,3.0,Bengaluru,1007139
5.0,2801.0,3.0,Gurugram,706294
,3990.0,2.0,,1034395
5.0,3694.0,1.0,Bengaluru,999015
2.0,1222.0,2.0,Bengaluru,352773
5.0,1388.0,2.0,Gurugram,501460
5.0,3341.0,1.0,Gurugram,782115
5.0,3293.0,3.0,Bengaluru,933062
1.0,602.0,2.0,Noida,119403
3.0,961.0,3.0,Gurugram,320458
4.0,947.0,2.0,Bengaluru,397688
5.0,3071.0,1.0,,873986
4.0,1074.0,1.0,,391651
2.0,3105.0,2.0,Noida,458881
3.0,2932.0,2.0,Noida,458476
2.0,920.0,,Bengaluru,305890
5.0,3850.0,2.0,Gurugram,888334
1.0,1131.0,3.0,Noida,192164
1.0,1124.0,3.0,Gurugram,231171
1.0,2677.0,2.0,Gurugram,472927
3.0,3348.0,,Bengaluru,857833
2.0,2481.0,2.0,Noida,328567
,3350.0,3.0,Noida,511088
3.0,2205.0,2.0,Gurugram,523592
5.0,844.0,1.0,Gurugram,369518
5.0,2760.0,2.0,Gurugram,684252
4.0,3773.0,,Gurugram,774724
5.0,3652.0,2.0,Gurugram,832433
1.0,,2.0,Gurugram,657132
3.0,898.0,1.0,Bengaluru,333558
2.0,3101.0,1.0,Bengaluru,746798
1.0,3423.0,1.0,Noida,429320
3.0,3068.0,2.0,Bengaluru,792430
4.0,1187.0,2.0,Gurugram,385084
4.0,3094.0,2.0,Gurugram,687058
4.0,3617.0,2.0,Gurugram,746000
5.0,703.0,3.0,Noida,341446
3.0,2796.0,3.0,Gurugram,598948
1.0,2075.0,2.0,Bengaluru,492293
1.0,1540.0,3.0,Noida,284781
4.0,3781.0,2.0,Gurugram,809792
3.0,1461.0,1.0,Noida,307503
3.0,3672.0,1.0,Gurugram,691726
2.0,1259.0,3.0,Bengaluru,331703
1.0,3808.0,2.0,Gurugram,649882
4.0,3341.0,1.0,,560445
3.0,3736.0,1.0,Bengaluru,932772
3.0,1587.0,1.0,,393290
1.0,1994.0,3.0,Bengaluru,456844
1.0,1261.0,,Bengaluru,315012
2.0,904.0,2.0,Noida,207869
2.0,3385.0,1.0,Bengaluru,791937
2.0,603.0,2.0,Noida,205538
,3205.0,3.0,Bengaluru,929958
3.0,879.0,,Bengaluru,351310
5.0,1085.0,3.0,Noida,400226
1.0,1371.0,2.0,Bengaluru,346526
4.0,3782.0,2.0,Gurugram,757089
4.0,1069.0,1.0,Bengaluru,413672
3.0,1987.0,3.0,Noida,411851
2.0,2540.0,2.0,,368685
3.0,2595.0,1.0,Gurugram,543121
,2865.0,2.0,Gurugram,700050
4.0,1209.0,3.0,Bengaluru,463346
5.0,3007.0,1.0,Gurugram,696619
3.0,,3.0,Bengaluru,355841
2.0,3468.0,1.0,Gurugram,592585
3.0,1842.0,2.0,Bengaluru,537148
4.0,3928.0,1.0,Noida,606477
3.0,2146.0,1.0,Bengaluru,589093
5.0,813.0,1.0,Bengaluru,403986
4.0,2633.0,1.0,Noida,489037
5.0,1548.0,1.0,Bengaluru,551299
4.0,3356.0,3.0,Noida,555755
2.0,2152.0,1.0,Bengaluru,505954
3.0,3978.0,2.0,Bengaluru,976585
,616.0,2.0,Gurugram,227668
2.0,2620.0,3.0,Noida,402421
4.0,3995.0,1.0,Noida,600315
3.0,1800.0,2.0,Bengaluru,524514
2.0,3427.0,3.0,Bengaluru,780296
,2156.0,3.0,Gurugram,536892
4.0,3695.0,3.0,Gurugram,745323
1.0,1743.0,3.0,Noida,238464
2.0,2507.0,2.0,Noida,347846
4.0,1134.0,,Bengaluru,457799
3.0,3720.0,3.0,Bengaluru,895551
3.0,857.0,2.0,Noida,275157
4.0,3148.0,1.0,Bengaluru,825498
3.0,1028.0,3.0,Bengaluru,408607
1.0,1676.0,3.0,Bengaluru,457582
4.0,578.0,3.0,Bengaluru,354266
5.0,2429.0,3.0,Bengaluru,773829
2.0,1104.0,3.0,Noida,237160
2.0,1559.0,3.0,Bengaluru,459876
3.0,1740.0,2.0,Gurugram,453765
5.0,1687.0,3.0,Noida,441067
4.0,3435.0,1.0,Noida,564194
4.0,,2.0,,473332
3.0,1398.0,3.0,Gurugram,397074
1.0,2751.0,2.0,Gurugram,491043
3.0,3483.0,3.0,Gurugram,684568
1.0,881.0,1.0,Gurugram,195961
4.0,3932.0,3.0,Gurugram,851383
3.0,1691.0,2.0,Noida,340542
4.0,1555.0,3.0,Gurugram,415434
4.0,2710.0,3.0,Noida,480966
5.0,2648.0,3.0,Noida,539547
1.0,2563.0,3.0,Gurugram,447406
1.0,3684.0,2.0,Gurugram,644254
3.0,995.0,3.0,Gurugram,367899
2.0,2471.0,1.0,Bengaluru,605252
5.0,1994.0,1.0,Gurugram,564373
3.0,660.0,1.0,Bengaluru,295676
2.0,1014.0,3.0,Gurugram,307367
1.0,3437.0,2.0,Gurugram,611642
4.0,2691.0,2.0,Noida,507827
1.0,1798.0,2.0,Noida,229186
2.0,860.0,3.0,Bengaluru,259636
4.0,828.0,2.0,Noida,299945
4.0,2123.0,2.0,Gurugram,556179
4.0,1068.0,3.0,Gurugram,394603
5.0,3052.0,2.0,Gurugram,724911
2.0,734.0,2.0,Noida,233113
3.0,2448.0,2.0,Noida,397271
1.0,3192.0,3.0,,542236
5.0,521.0,1.0,Noida,319209
,3384.0,1.0,Noida,460339
2.0,1633.0,3.0,Noida,301244
3.0,1849.0,1.0,Noida,339524
1.0,3695.0,2.0,Bengaluru,800855
4.0,916.0,3.0,Gurugram,387312
,2423.0,3.0,Gurugram,497416
4.0,552.0,3.0,Bengaluru,318257
1.0,631.0,3.0,Bengaluru,202857
2.0,581.0,3.0,Noida,181035
1.0,531.0,2.0,,190498
5.0,2133.0,2.0,Noida,492843
4.0,670.0,1.0,Bengaluru,356313
4.0,3002.0,3.0,Bengaluru,821854
1.0,1299.0,1.0,Noida,148260
1.0,2240.0,3.0,Noida,304477
1.0,1817.0,1.0,Bengaluru,455688
4.0,1876.0,2.0,Noida,403812
3.0,2413.0,1.0,Bengaluru,672139
2.0,984.0,,Noida,213226
4.0,3897.0,3.0,Gurugram,807791
1.0,2451.0,2.0,Gurugram,427843
5.0,1530.0,2.0,Noida,429785
5.0,2748.0,2.0,Gurugram,685518
1.0,2837.0,,Gurugram,516596
5.0,3297.0,2.0,Gurugram,784728
1.0,2120.0,2.0,Bengaluru,479899
4.0,1727.0,1.0,Gurugram,493249
2.0,3814.0,2.0,Gurugram,691731
1.0,682.0,3.0,Gurugram,224753
5.0,3795.0,1.0,Gurugram,814667
1.0,3279.0,3.0,Noida,380324
3.0,3677.0,1.0,Bengaluru,882938
4.0,590.0,3.0,,387759
1.0,1230.0,3.0,Gurugram,266866
1.0,2551.0,3.0,Noida,300396
5.0,532.0,3.0,Gurugram,369892
2.0,1077.0,,Bengaluru,359612
,1836.0,3.0,Noida,478482
1.0,3680.0,1.0,Gurugram,639064
2.0,3390.0,2.0,Bengaluru,784024
5.0,,2.0,Bengaluru,915600
1.0,2237.0,3.0,Bengaluru,517489
4.0,2418.0,1.0,Gurugram,575127
1.0,3219.0,3.0,,553194
5.0,543.0,2.0,Gurugram,353440
4.0,1855.0,1.0,Noida,400167
1.0,802.0,2.0,,195606
3.0,1080.0,1.0,Gurugram,337173
1.0,3497.0,3.0,Gurugram,620409
2.0,1216.0,3.0,,335827
5.0,719.0,3.0,Noida,352476
3.0,2247.0,3.0,Gurugram,524704
1.0,2015.0,2.0,Bengaluru,480117
1.0,691.0,3.0,Gurugram,150966
,660.0,3.0,Bengaluru,212803
2.0,2891.0,3.0,Gurugram,544271
4.0,748.0,3.0,Bengaluru,377790
,2178.0,1.0,Noida,277003
4.0,666.0,3.0,Bengaluru,342102
4.0,2725.0,3.0,Gurugram,613316
2.0,1169.0,1.0,Bengaluru,339685
5.0,2511.0,2.0,,661055
5.0,2977.0,1.0,Noida,526117
1.0,2405.0,3.0,Bengaluru,565941
2.0,2822.0,2.0,Gurugram,509660
1.0,1097.0,3.0,Bengaluru,266681
4.0,2056.0,3.0,Gurugram,514007
4.0,3435.0,3.0,Gurugram,720327
1.0,3005.0,2.0,Noida,377909
1.0,1349.0,2.0,Bengaluru,389622
5.0,1459.0,2.0,Bengaluru,535228
1.0,3654.0,3.0,Gurugram,619020
1.0,1907.0,2.0,,239845
1.0,3846.0,3.0,Gurugram,662787
5.0,2921.0,1.0,Bengaluru,855286
,3164.0,2.0,Noida,464162
1.0,796.0,2.0,Noida,172698
5.0,3546.0,3.0,Bengaluru,969250
2.0,1599.0,3.0,Bengaluru,453586
4.0,2675.0,1.0,Bengaluru,734910
1.0,1075.0,1.0,Gurugram,245984
5.0,,1.0,Noida,294680
1.0,2104.0,1.0,Noida,240377
3.0,805.0,2.0,Gurugram,330525
4.0,2388.0,3.0,Gurugram,594681
4.0,1051.0,3.0,Gurugram,384376
5.0,984.0,2.0,Gurugram,416208
2.0,2033.0,3.0,Gurugram,444020
1.0,3045.0,3.0,Noida,364898
1.0,1351.0,1.0,,232354
4.0,509.0,2.0,Gurugram,288679
5.0,2935.0,,Gurugram,703060
3.0,3707.0,3.0,Gurugram,736397
2.0,827.0,2.0,,300911
,1912.0,3.0,,444881
2.0,2666.0,2.0,Gurugram,526309
4.0,3271.0,2.0,Bengaluru,880275
1.0,2647.0,1.0,Noida,333193
3.0,2514.0,3.0,Bengaluru,684410
3.0,626.0,2.0,Noida,208271
2.0,3979.0,3.0,Noida,529906
5.0,1184.0,1.0,Noida,389297
2.0,2778.0,2.0,Gurugram,541247
1.0,3257.0,1.0,Noida,401016
3.0,1662.0,1.0,Gurugram,414706
3.0,3580.0,3.0,Gurugram,724866
4.0,3196.0,3.0,,885128
2.0,3715.0,1.0,Gurugram,675589
3.0,2249.0,3.0,Bengaluru,637687
3.0,1125.0,2.0,Gurugram,310094
4.0,,3.0,Bengaluru,889334
5.0,1830.0,2.0,Gurugram,563983
3.0,2506.0,3.0,Bengaluru,688792
1.0,2480.0,2.0,Gurugram,450226
2.0,2926.0,3.0,Noida,422471
4.0,2242.0,3.0,Gurugram,569096
3.0,3237.0,3.0,Gurugram,651683
4.0,3207.0,1.0,Noida,529881
5.0,527.0,1.0,Bengaluru,345393
5.0,3924.0,2.0,Noida,604591
2.0,565.0,1.0,Noida,161785
4.0,3716.0,1.0,Bengaluru,982862
,3151.0,3.0,Gurugram,740770
3.0,1941.0,2.0,Noida,337994
2.0,3645.0,3.0,Gurugram,660925
3.0,601.0,2.0,Noida,240366
4.0,,3.0,Noida,327692
5.0,1964.0,1.0,Bengaluru,668302
5.0,790.0,2.0,Bengaluru,426995
5.0,3638.0,2.0,Noida,628556
5.0,2156.0,2.0,Bengaluru,724015
2.0,1213.0,1.0,Bengaluru,400801
1.0,3913.0,1.0,Noida,474429
4.0,3071.0,3.0,Bengaluru,844697
,891.0,3.0,Gurugram,367484
2.0,1211.0,1.0,Gurugram,280498
3.0,2135.0,1.0,Noida,393708
2.0,2890.0,2.0,,747125
5.0,3666.0,2.0,Noida,640379
5.0,2749.0,1.0,Bengaluru,822551
4.0,3954.0,2.0,Noida,604953
4.0,2843.0,2.0,Bengaluru,810188
3.0,2563.0,3.0,Gurugram,583209
1.0,2487.0,2.0,Bengaluru,595868
5.0,2431.0,3.0,Bengaluru,737805
1.0,3201.0,3.0,Bengaluru,708548
5.0,3965.0,2.0,Bengaluru,1048563
3.0,1653.0,3.0,Gurugram,405133
3.0,3080.0,3.0,Noida,524161
4.0,1296.0,3.0,Bengaluru,501021
1.0,1298.0,2.0,Noida,183054
2.0,,2.0,Noida,395185
,1676.0,1.0,Bengaluru,539501
2.0,3431.0,2.0,Noida,436432
5.0,1543.0,1.0,Noida,405619
5.0,3532.0,3.0,Gurugram,800890
2.0,2666.0,1.0,Bengaluru,620945
4.0,3744.0,2.0,Noida,595079
4.0,2282.0,1.0,Bengaluru,643011
2.0,3971.0,3.0,Noida,543575
4.0,2688.0,1.0,Gurugram,604663
4.0,1058.0,2.0,Gurugram,362139
5.0,2927.0,2.0,Bengaluru,870254
2.0,3645.0,1.0,Noida,465439
3.0,1036.0,1.0,Bengaluru,351756
4.0,1407.0,1.0,Bengaluru,486356
5.0,3240.0,2.0,Gurugram,780170
2.0,2787.0,2.0,Noida,402351
5.0,1621.0,,Noida,445467
2.0,1813.0,1.0,Bengaluru,479834
5.0,2156.0,3.0,Gurugram,576942
1.0,3527.0,,Gurugram,597880
3.0,2537.0,1.0,Bengaluru,664090
4.0,3250.0,1.0,Bengaluru,832382
5.0,984.0,2.0,Bengaluru,485462
1.0,3860.0,3.0,Bengaluru,823593
3.0,2812.0,3.0,Noida,472534
1.0,3131.0,3.0,Noida,381335
2.0,1859.0,3.0,Gurugram,407228
4.0,1157.0,3.0,Gurugram,358961
3.0,1900.0,2.0,Gurugram,478801
2.0,,3.0,Noida,375159
3.0,2542.0,2.0,Gurugram,539304
2.0,504.0,3.0,Bengaluru,211481
4.0,3009.0,3.0,Bengaluru,825783
3.0,1102.0,3.0,Gurugram,344224
5.0,2414.0,2.0,Gurugram,630049
1.0,,1.0,Noida,174307
3.0,2796.0,3.0,Bengaluru,715046
3.0,2227.0,2.0,Noida,405065
1.0,1322.0,3.0,Bengaluru,348296
1.0,3723.0,1.0,Gurugram,644232
3.0,2729.0,2.0,Gurugram,592935
4.0,1474.0,1.0,Noida,356011
5.0,3048.0,2.0,Bengaluru,869233
2.0,3136.0,2.0,,458151
5.0,3847.0,,Gurugram,825748
1.0,1084.0,2.0,Noida,154890
3.0,1944.0,3.0,Bengaluru,564934
4.0,2981.0,1.0,Gurugram,690724
1.0,,3.0,Gurugram,488255
2.0,3432.0,2.0,Noida,456287
1.0,700.0,1.0,Gurugram,179052
5.0,3179.0,1.0,Gurugram,754375
5.0,3258.0,3.0,Gurugram,773836
4.0,1138.0,3.0,Gurugram,409656
5.0,3790.0,3.0,Bengaluru,982811
3.0,1451.0,1.0,Gurugram,402089
4.0,538.0,2.0,Noida,291598
3.0,,2.0,Gurugram,715833
3.0,1333.0,2.0,Noida,300713
2.0,1884.0,2.0,Noida,322204
1.0,603.0,3.0,Noida,164812
1.0,,2.0,Noida,310165
3.0,1572.0,2.0,Noida,332134
5.0,1270.0,1.0,Noida,381140
4.0,,,Gurugram,418771
2.0,731.0,3.0,Gurugram,210398
3.0,1027.0,1.0,Gurugram,304405
2.0,863.0,2.0,Noida,200053
1.0,644.0,1.0,Bengaluru,185868
5.0,2272.0,2.0,Bengaluru,723787
,3887.0,3.0,Noida,512007
2.0,2415.0,3.0,Gurugram,483546
1.0,3222.0,2.0,Gurugram,581173
,2846.0,1.0,Noida,374007
3.0,,1.0,Gurugram,466457
1.0,1276.0,2.0,Bengaluru,293053
,2735.0,1.0,Bengaluru,793188
3.0,,1.0,Bengaluru,658855
3.0,3411.0,1.0,Gurugram,683165
,1195.0,3.0,Noida,395471
3.0,1579.0,3.0,Gurugram,422535
3.0,1795.0,3.0,Noida,395407
5.0,1877.0,3.0,Gurugram,538137
2.0,2581.0,1.0,Bengaluru,649774
1.0,1893.0,1.0,Bengaluru,418436
5.0,3063.0,3.0,Bengaluru,899236
2.0,,1.0,Gurugram,203887
5.0,1177.0,3.0,Noida,436587
5.0,1974.0,2.0,Noida,445446
2.0,2949.0,2.0,Gurugram,567415
1.0,527.0,3.0,Noida,135090
5.0,3751.0,1.0,Noida,652149
5.0,3352.0,,Noida,618582
5.0,1594.0,1.0,Noida,427565
2.0,3139.0,3.0,Gurugram,619998
3.0,1674.0,3.0,Gurugram,462821
1.0,944.0,,Gurugram,220608
1.0,3160.0,3.0,Bengaluru,713278
2.0,1238.0,,Gurugram,326367
,2917.0,2.0,Noida,556848
2.0,3460.0,3.0,Bengaluru,831760
5.0,3096.0,1.0,Noida,559549
2.0,3742.0,1.0,Noida,464100
4.0,1731.0,1.0,Gurugram,489348
,,2.0,Gurugram,597356
3.0,3997.0,1.0,Bengaluru,968584
5.0,2079.0,2.0,Gurugram,585569
1.0,3410.0,3.0,Noida,391191
3.0,875.0,3.0,Bengaluru,357303
5.0,3169.0,1.0,Bengaluru,925945
2.0,1716.0,3.0,Bengaluru,489538
1.0,3980.0,2.0,Bengaluru,860197
3.0,1121.0,2.0,Bengaluru,403993
1.0,928.0,2.0,Bengaluru,288731
4.0,736.0,2.0,Noida,306495
4.0,3151.0,1.0,Gurugram,658345
1.0,3948.0,3.0,Noida,484462
4.0,3876.0,1.0,Gurugram,812180
1.0,1821.0,3.0,Noida,236193
1.0,898.0,2.0,Bengaluru,258142
2.0,872.0,3.0,Noida,206299
3.0,3866.0,3.0,Noida,557160
1.0,2848.0,3.0,Bengaluru,680100
1.0,1535.0,1.0,Gurugram,293872
2.0,1125.0,1.0,Bengaluru,332201
3.0,2817.0,2.0,Gurugram,576787
1.0,975.0,3.0,Bengaluru,265128
,2347.0,1.0,Bengaluru,630257
2.0,3111.0,1.0,Gurugram,583938
5.0,3635.0,1.0,,781459
2.0,3335.0,1.0,Noida,463509
5.0,924.0,1.0,Gurugram,392983
4.0,1580.0,1.0,Noida,373415
2.0,3908.0,2.0,Noida,529400
1.0,2242.0,1.0,Bengaluru,501377
,1711.0,1.0,Bengaluru,471275
3.0,3287.0,2.0,Gurugram,673888
1.0,734.0,1.0,Bengaluru,201016
2.0,2451.0,1.0,Gurugram,481324
1.0,1901.0,2.0,Noida,222698
2.0,3917.0,2.0,Bengaluru,905977
5.0,1904.0,1.0,Bengaluru,616862
4.0,506.0,1.0,Gurugram,292203
1.0,2782.0,3.0,Bengaluru,607730
2.0,2239.0,1.0,Bengaluru,594980
5.0,1609.0,2.0,Bengaluru,618160
1.0,3863.0,1.0,Bengaluru,844086
,532.0,2.0,Gurugram,359990
3.0,2365.0,,Noida,401413
4.0,2834.0,2.0,Gurugram,660336
2.0,2178.0,3.0,Bengaluru,572105
3.0,3765.0,3.0,Noida,593797
2.0,1067.0,3.0,Gurugram,299332
4.0,1259.0,3.0,Gurugram,428563
3.0,1858.0,3.0,Gurugram,463831
4.0,3386.0,2.0,Bengaluru,895244
1.0,786.0,1.0,Noida,57076
4.0,2541.0,2.0,Noida,523267
3.0,1379.0,3.0,Noida,311905
2.0,3665.0,1.0,Gurugram,640956
4.0,1769.0,1.0,Gurugram,510247
3.0,1254.0,3.0,Noida,310501
4.0,3657.0,1.0,,934014
3.0,1054.0,2.0,Noida,271123
1.0,2962.0,2.0,Noida,361935
1.0,2461.0,,Gurugram,438145
4.0,1770.0,2.0,Bengaluru,600070
3.0,3708.0,1.0,Bengaluru,878933
1.0,1151.0,3.0,Gurugram,278231
3.0,3386.0,1.0,Gurugram,651509
1.0,3069.0,3.0,Gurugram,561926
1.0,636.0,3.0,Bengaluru,211635
3.0,3824.0,3.0,Bengaluru,934742
5.0,2666.0,,Gurugram,655661
4.0,1346.0,1.0,Bengaluru,505423
4.0,2399.0,2.0,Gurugram,584179
5.0,3738.0,,Gurugram,816369
5.0,,3.0,Gurugram,744948
5.0,2436.0,1.0,Gurugram,595244
1.0,1919.0,3.0,Bengaluru,465881
4.0,3218.0,,Bengaluru,861461
4.0,863.0,3.0,Noida,322917
2.0,814.0,3.0,,281830
2.0,2031.0,3.0,Bengaluru,547605
5.0,3597.0,1.0,Bengaluru,975003
2.0,1222.0,,Bengaluru,382009
2.0,3852.0,2.0,Bengaluru,910929
3.0,2573.0,1.0,Gurugram,553906
5.0,730.0,2.0,Noida,342016
1.0,3057.0,2.0,Bengaluru,657633
2.0,621.0,2.0,Gurugram,225642
4.0,3389.0,1.0,Bengaluru,891156
4.0,2164.0,1.0,Noida,440874
5.0,1721.0,3.0,Noida,438649
4.0,2440.0,1.0,Bengaluru,688021
5.0,1143.0,3.0,Bengaluru,515876
3.0,3539.0,3.0,Bengaluru,873061
3.0,3848.0,2.0,Noida,549093
2.0,1102.0,2.0,Noida,232521
5.0,2970.0,2.0,Bengaluru,890996
2.0,910.0,3.0,Gurugram,248133
1.0,3932.0,2.0,Noida,464688
2.0,3548.0,3.0,,647607
1.0,,2.0,Bengaluru,350999
4.0,,3.0,Noida,548342
1.0,2830.0,3.0,,485570
1.0,,2.0,Gurugram,646081
1.0,3560.0,,Noida,465140
3.0,3403.0,3.0,Noida,511690
4.0,3238.0,,Bengaluru,856486
4.0,,2.0,Bengaluru,689723
5.0,3003.0,2.0,,721755
3.0,2024.0,1.0,Gurugram,446706
5.0,2559.0,2.0,Noida,501948
1.0,1813.0,3.0,Gurugram,372961
1.0,569.0,1.0,Noida,124008
4.0,845.0,2.0,Bengaluru,394754
5.0,3810.0,3.0,Gurugram,867467
3.0,2568.0,2.0,Gurugram,547143
4.0,2851.0,1.0,Gurugram,638876
2.0,2374.0,2.0,Gurugram,469294
1.0,3377.0,3.0,Gurugram,568358
4.0,3337.0,,Gurugram,715174
2.0,3550.0,2.0,Noida,493703
5.0,2881.0,,,515958
5.0,1570.0,2.0,Gurugram,509251
2.0,3885.0,2.0,Noida,502385
1.0,3211.0,2.0,Noida,409368
3.0,1061.0,3.0,Bengaluru,400162
5.0,797.0,3.0,Gurugram,399860
1.0,3154.0,2.0,Noida,415298
2.0,512.0,3.0,Noida,173768
2.0,2873.0,1.0,Noida,394899
3.0,1711.0,3.0,Gurugram,412599
3.0,2184.0,1.0,Bengaluru,589842
3.0,3375.0,1.0,Noida,493321
5.0,2357.0,1.0,Gurugram,598857
2.0,3614.0,2.0,Gurugram,656438
4.0,2640.0,3.0,Noida,476856
1.0,2832.0,3.0,Noida,347853
4.0,537.0,2.0,Noida,269386
5.0,884.0,1.0,Noida,337894
4.0,2465.0,1.0,Noida,491955
2.0,3977.0,2.0,Noida,518320
4.0,1410.0,1.0,Gurugram,421446
4.0,2087.0,2.0,Bengaluru,647779
4.0,3261.0,1.0,Gurugram,719567
5.0,669.0,2.0,,310969
3.0,,2.0,Noida,347102
5.0,3234.0,2.0,Noida,613149
4.0,3975.0,3.0,Noida,620888
2.0,3593.0,3.0,Gurugram,649530
2.0,1087.0,1.0,Gurugram,235042
4.0,3257.0,2.0,,706717
1.0,1618.0,,Bengaluru,395236
4.0,2454.0,1.0,Gurugram,572134
4.0,2505.0,1.0,Gurugram,550145
2.0,1364.0,3.0,Noida,263686
4.0,2592.0,1.0,Gurugram,583085
5.0,2814.0,3.0,Bengaluru,857685
2.0,750.0,3.0,Gurugram,280913
4.0,2606.0,2.0,Gurugram,629691
1.0,3486.0,1.0,Noida,444241
,,2.0,Noida,252133
2.0,2599.0,3.0,Gurugram,514934
5.0,3218.0,1.0,Noida,604314
3.0,588.0,1.0,Gurugram,264543
5.0,2687.0,1.0,Noida,533438
2.0,707.0,1.0,Bengaluru,212679
4.0,1152.0,1.0,Noida,316109
2.0,539.0,3.0,Gurugram,190975
3.0,626.0,3.0,Bengaluru,307226
3.0,2122.0,2.0,Bengaluru,562506
3.0,2191.0,3.0,Gurugram,522347
2.0,1034.0,2.0,Gurugram,265658
2.0,1341.0,2.0,Bengaluru,375903
1.0,,2.0,Noida,444164
2.0,3159.0,1.0,Noida,420633
4.0,,1.0,Bengaluru,1002837
3.0,2525.0,3.0,Noida,437649
2.0,3608.0,1.0,Gurugram,665393
4.0,,3.0,Bengaluru,351998
1.0,2645.0,2.0,Noida,340669
1.0,2093.0,1.0,Noida,242073
1.0,671.0,2.0,Bengaluru,201590
3.0,3744.0,3.0,Noida,551023
5.0,1932.0,3.0,,546784
4.0,3816.0,2.0,,574649
3.0,,2.0,Noida,263057
4.0,1592.0,1.0,Gurugram,451885
5.0,3843.0,1.0,Bengaluru,1045973
1.0,2228.0,,Bengaluru,525760
5.0,1333.0,2.0,Noida,369417
5.0,3160.0,2.0,Noida,590071
1.0,3916.0,2.0,Noida,445854
4.0,1441.0,2.0,Gurugram,438800
3.0,944.0,2.0,Gurugram,343929
2.0,1471.0,,Noida,261967
5.0,1011.0,2.0,Gurugram,395634
4.0,1940.0,3.0,Gurugram,561276
5.0,3845.0,2.0,Gurugram,849559
3.0,2483.0,2.0,Bengaluru,653067
3.0,3689.0,,Gurugram,689667
1.0,3186.0,1.0,Bengaluru,723934
4.0,2761.0,1.0,Gurugram,644613
2.0,1771.0,1.0,Noida,311098
3.0,3955.0,1.0,Bengaluru,971154
4.0,3741.0,3.0,Noida,591337
1.0,3695.0,3.0,,622493
3.0,2816.0,3.0,Noida,478083
2.0,1529.0,3.0,Gurugram,354176
5.0,2713.0,3.0,Bengaluru,852039
5.0,2889.0,3.0,Gurugram,694947
1.0,2404.0,2.0,Gurugram,409826
2.0,838.0,1.0,Bengaluru,261858
5.0,1858.0,2.0,Noida,462540
,2080.0,3.0,Gurugram,354340
2.0,3525.0,1.0,Bengaluru,836015
4.0,3721.0,3.0,,960652
5.0,2461.0,2.0,Gurugram,633187
2.0,3510.0,3.0,Bengaluru,809236
1.0,,3.0,Bengaluru,634357
3.0,2735.0,3.0,Bengaluru,736511
2.0,1379.0,2.0,Bengaluru,392932
4.0,1131.0,1.0,Gurugram,389217
2.0,3592.0,2.0,Noida,471652
5.0,1489.0,2.0,Noida,427520
,1548.0,3.0,Gurugram,359727
1.0,1817.0,1.0,,445738
1.0,1720.0,1.0,Noida,227107
1.0,2265.0,1.0,Bengaluru,497215
3.0,756.0,3.0,Bengaluru,321213
1.0,3475.0,1.0,Bengaluru,735733
4.0,3911.0,,Bengaluru,1010955
1.0,2652.0,3.0,Gurugram,468737
1.0,2990.0,3.0,Bengaluru,724515
,3076.0,3.0,Noida,540559
5.0,2313.0,1.0,Gurugram,615160
1.0,2694.0,1.0,Bengaluru,604755
5.0,855.0,1.0,Gurugram,349261
2.0,1064.0,3.0,Bengaluru,381356
1.0,1299.0,3.0,Noida,229228
5.0,3749.0,2.0,Noida,663147
4.0,1747.0,2.0,Gurugram,508329
2.0,3239.0,2.0,Gurugram,604287
3.0,1684.0,2.0,Bengaluru,503295
,3705.0,,Bengaluru,814075
4.0,2704.0,2.0,Noida,496521
1.0,793.0,1.0,Gurugram,189758
5.0,874.0,,Bengaluru,416529
3.0,,3.0,Bengaluru,903925
1.0,1932.0,3.0,Noida,266436
3.0,1111.0,2.0,Noida,301388
4.0,3752.0,3.0,Gurugram,803290
3.0,1665.0,1.0,Bengaluru,508849
1.0,912.0,2.0,Bengaluru,257574
4.0,2763.0,2.0,Noida,499765
5.0,3912.0,1.0,Gurugram,859116
4.0,1915.0,2.0,Noida,432161
2.0,1983.0,1.0,Gurugram,370958
,742.0,3.0,Bengaluru,321153
5.0,,3.0,Gurugram,532982
2.0,1306.0,1.0,Gurugram,309542
4.0,563.0,3.0,Noida,317718
3.0,1775.0,3.0,Noida,379166
2.0,3774.0,1.0,Bengaluru,896604
2.0,1911.0,3.0,Gurugram,421272
3.0,1524.0,2.0,Noida,306763
3.0,1059.0,1.0,Bengaluru,368482
4.0,987.0,1.0,Noida,314960
4.0,1632.0,1.0,Noida,370412
1.0,3011.0,2.0,Gurugram,509184
4.0,702.0,3.0,Gurugram,344694
1.0,3625.0,3.0,Bengaluru,797421
5.0,1759.0,2.0,Bengaluru,611005
1.0,2305.0,2.0,Noida,280692
5.0,1065.0,3.0,Bengaluru,536785
5.0,3206.0,3.0,Gurugram,758762
2.0,967.0,2.0,Noida,216409
5.0,1498.0,1.0,Gurugram,461979
2.0,2114.0,,Gurugram,472861
3.0,3618.0,2.0,Gurugram,725975
4.0,1927.0,1.0,Noida,430886
5.0,3686.0,1.0,Gurugram,834371
4.0,2212.0,3.0,Gurugram,595045
1.0,2770.0,3.0,Noida,358397
5.0,3672.0,2.0,Bengaluru,1020086
,2700.0,2.0,Bengaluru,817110
5.0,1703.0,1.0,Gurugram,527755
5.0,2338.0,3.0,Bengaluru,750575
4.0,1830.0,1.0,Gurugram,501725
4.0,3833.0,2.0,Bengaluru,1000856
3.0,3358.0,1.0,Gurugram,670144
1.0,656.0,3.0,Bengaluru,226717
3.0,3682.0,1.0,Bengaluru,880490
5.0,,3.0,Bengaluru,601565
1.0,3163.0,3.0,Noida,416771
5.0,2936.0,1.0,Noida,553964
,2069.0,2.0,Gurugram,442081
2.0,1241.0,3.0,Gurugram,321433
2.0,601.0,3.0,Bengaluru,273548
5.0,3591.0,3.0,Bengaluru,1003171
1.0,2869.0,2.0,Noida,324089
3.0,532.0,,Gurugram,244933
,995.0,2.0,Noida,247522
5.0,2431.0,,Bengaluru,748892
5.0,1937.0,1.0,Gurugram,555518
1.0,2329.0,3.0,Bengaluru,567031
3.0,3934.0,1.0,Noida,577849
5.0,3773.0,2.0,Noida,634358
3.0,1387.0,1.0,Bengaluru,422408
2.0,1716.0,3.0,Gurugram,425116
5.0,1165.0,1.0,Gurugram,416677
3.0,1482.0,1.0,,301829
5.0,1990.0,2.0,Bengaluru,694885
1.0,1142.0,3.0,Bengaluru,294397
1.0,746.0,3.0,Noida,179029
4.0,1998.0,1.0,Noida,435532
2.0,2475.0,,Gurugram,447610
3.0,3817.0,3.0,Gurugram,787261
4.0,574.0,1.0,Gurugram,285679
1.0,877.0,2.0,Bengaluru,245974
2.0,1204.0,2.0,Bengaluru,347283
4.0,915.0,2.0,Bengaluru,379764
2.0,1992.0,2.0,Bengaluru,493340
1.0,3000.0,2.0,Noida,402527
2.0,2749.0,1.0,Gurugram,518296
3.0,3833.0,3.0,Bengaluru,956734
,1595.0,2.0,Gurugram,427605
1.0,1546.0,3.0,Bengaluru,383979
2.0,3084.0,3.0,Bengaluru,743118
4.0,2084.0,1.0,Gurugram,514708
1.0,3710.0,2.0,Noida,448467
5.0,1677.0,1.0,Noida,422335
,3147.0,3.0,Noida,502645
5.0,890.0,1.0,Bengaluru,428484
1.0,3399.0,1.0,Bengaluru,752987
3.0,612.0,1.0,Noida,212525
3.0,3323.0,3.0,Bengaluru,838830
2.0,552.0,2.0,Gurugram,226683
2.0,2801.0,2.0,Noida,384164
3.0,1501.0,1.0,Gurugram,370784
5.0,1256.0,2.0,Bengaluru,532181
1.0,2252.0,1.0,Bengaluru,521868
2.0,1668.0,1.0,,245056
2.0,,1.0,Gurugram,666757
5.0,2650.0,2.0,Noida,501099
4.0,3925.0,2.0,Gurugram,848967
3.0,,2.0,Bengaluru,668247
5.0,3107.0,3.0,Bengaluru,887655
3.0,1922.0,3.0,Bengaluru,548398
2.0,2254.0,,Noida,328335
4.0,1591.0,2.0,Bengaluru,579922
2.0,2448.0,3.0,Gurugram,518093
2.0,,1.0,Noida,283559
2.0,2947.0,1.0,Gurugram,551031
2.0,1377.0,1.0,Bengaluru,374791
,2498.0,1.0,Noida,497432
4.0,3696.0,1.0,Gurugram,766321
1.0,2721.0,3.0,Noida,391754
4.0,3084.0,1.0,,659551
4.0,3524.0,2.0,Bengaluru,919327
1.0,3020.0,3.0,,652056
5.0,644.0,2.0,Bengaluru,427693
4.0,2275.0,2.0,Gurugram,580066
4.0,2756.0,2.0,Gurugram,665213
3.0,3251.0,1.0,Gurugram,643325
1.0,2276.0,2.0,Gurugram,372377
5.0,1909.0,1.0,Noida,447652
5.0,511.0,2.0,Bengaluru,359930
3.0,,3.0,,349935
5.0,2640.0,2.0,Bengaluru,803514
2.0,990.0,3.0,Bengaluru,324491
,715.0,1.0,,432767
1.0,2079.0,1.0,Noida,265032
2.0,3313.0,2.0,Bengaluru,771917
3.0,743.0,3.0,Gurugram,299344
4.0,3203.0,3.0,Gurugram,709966
2.0,,1.0,Noida,178143
4.0,3155.0,3.0,Noida,555499
5.0,2868.0,3.0,Noida,559635
1.0,2858.0,2.0,Gurugram,492204
3.0,1302.0,3.0,Bengaluru,437822
4.0,1705.0,2.0,Bengaluru,561766
1.0,921.0,3.0,Gurugram,185625
5.0,1323.0,2.0,Gurugram,465364
3.0,3024.0,2.0,Bengaluru,767091
2.0,1207.0,2.0,Bengaluru,344047
1.0,3329.0,1.0,Bengaluru,700086
3.0,1458.0,1.0,Gurugram,379406
1.0,3415.0,,Bengaluru,732881
2.0,3495.0,2.0,Bengaluru,818092
2.0,3992.0,1.0,Noida,515703
3.0,3413.0,1.0,Bengaluru,900738
4.0,1497.0,3.0,Bengaluru,501981
5.0,2658.0,,Gurugram,669832
,3981.0,1.0,Bengaluru,1065914
1.0,1021.0,3.0,Noida,170561
3.0,2417.0,2.0,Gurugram,530913
2.0,1093.0,2.0,Noida,261299
4.0,3941.0,2.0,Bengaluru,1001280
1.0,1319.0,3.0,Bengaluru,314574
2.0,3662.0,3.0,Bengaluru,812130
5.0,3952.0,3.0,,898952
4.0,2816.0,2.0,Gurugram,630833
5.0,3680.0,2.0,Gurugram,814849
3.0,2923.0,3.0,Gurugram,628014
,1181.0,1.0,Noida,232044
4.0,1601.0,2.0,Gurugram,428790
4.0,3615.0,2.0,Noida,567628
5.0,3538.0,1.0,Noida,593329
4.0,666.0,2.0,Gurugram,320753
1.0,2033.0,1.0,Noida,253947
3.0,1376.0,1.0,Bengaluru,428176
1.0,3102.0,2.0,Gurugram,528792
5.0,505.0,2.0,Bengaluru,376722
3.0,1041.0,3.0,Gurugram,341862
1.0,2913.0,2.0,Bengaluru,638845
1.0,3992.0,1.0,Gurugram,665945
,3382.0,2.0,Bengaluru,843331
5.0,3928.0,1.0,,989239
3.0,1667.0,1.0,Noida,347957
4.0,2961.0,,Noida,539325
5.0,1012.0,1.0,Noida,358523
3.0,829.0,1.0,Noida,221134
3.0,659.0,3.0,Bengaluru,329685
,2698.0,3.0,Gurugram,578355
,3931.0,1.0,Noida,544639
3.0,2377.0,3.0,Gurugram,554972
2.0,3141.0,3.0,Gurugram,604090
4.0,631.0,2.0,Bengaluru,352419
2.0,3194.0,2.0,Bengaluru,747963
1.0,1848.0,3.0,Bengaluru,449877
1.0,1883.0,2.0,Bengaluru,391432
5.0,2898.0,2.0,Gurugram,715147
5.0,2282.0,1.0,Gurugram,624443
3.0,2875.0,2.0,Gurugram,583887
1.0,734.0,1.0,Noida,149326
2.0,3141.0,1.0,Noida,423084
2.0,950.0,3.0,Bengaluru,318739
1.0,1982.0,1.0,Noida,254645
3.0,1041.0,2.0,Bengaluru,345301
5.0,1607.0,1.0,Noida,417236
3.0,,3.0,Gurugram,462979
1.0,1592.0,2.0,Gurugram,276098
2.0,1844.0,2.0,Gurugram,423811
4.0,783.0,1.0,Noida,305210
,1690.0,1.0,,369249
5.0,,3.0,Bengaluru,660021
5.0,1747.0,1.0,Noida,443405
2.0,840.0,1.0,Bengaluru,297592
4.0,3352.0,1.0,Bengaluru,884604
3.0,2578.0,3.0,Bengaluru,670651
4.0,1936.0,3.0,Gurugram,525237
1.0,3177.0,,Noida,391145
,3088.0,3.0,Noida,529456
2.0,1578.0,3.0,Noida,287111
2.0,3680.0,1.0,Gurugram,675859
5.0,2436.0,3.0,Gurugram,666378
3.0,2372.0,1.0,Noida,378517
3.0,1374.0,2.0,,384794
2.0,,1.0,Bengaluru,600382
4.0,1191.0,1.0,Bengaluru,442497
,1740.0,2.0,Bengaluru,597777
5.0,3325.0,2.0,Bengaluru,936775
3.0,1470.0,1.0,Gurugram,401871
3.0,1725.0,1.0,Bengaluru,472628
4.0,2608.0,1.0,Noida,474194
,2875.0,1.0,Bengaluru,636935
3.0,763.0,1.0,Noida,205811
3.0,3748.0,2.0,Bengaluru,920531
4.0,682.0,1.0,Gurugram,287807
5.0,3153.0,1.0,Noida,586713
3.0,1118.0,3.0,Noida,296414
3.0,3857.0,3.0,Bengaluru,928469
3.0,2549.0,1.0,Bengaluru,666589
3.0,2943.0,2.0,Gurugram,601943
2.0,1423.0,1.0,Noida,251776
2.0,3304.0,2.0,Bengaluru,786553
2.0,3947.0,,Bengaluru,898832
5.0,2265.0,2.0,Bengaluru,675240
2.0,981.0,1.0,Bengaluru,305912
4.0,3930.0,3.0,Gurugram,843066
5.0,1072.0,1.0,Noida,345270
3.0,3954.0,2.0,Noida,522187
4.0,3774.0,2.0,Bengaluru,958894
2.0,2324.0,3.0,Bengaluru,575022
3.0,837.0,1.0,Noida,257393
4.0,3309.0,2.0,Bengaluru,908467
3.0,2652.0,2.0,,691322
1.0,3809.0,2.0,Bengaluru,825736
2.0,1861.0,3.0,Noida,307201
1.0,2846.0,2.0,,368458
,3664.0,1.0,Noida,503913
4.0,2682.0,2.0,Bengaluru,753771
2.0,1858.0,1.0,Bengaluru,461981
2.0,,3.0,Gurugram,757107
2.0,3420.0,1.0,Noida,449441
1.0,3889.0,3.0,,647151
1.0,1801.0,1.0,Bengaluru,404065
3.0,3157.0,1.0,Bengaluru,784975
3.0,2215.0,3.0,Gurugram,453038
4.0,551.0,1.0,Noida,253755
5.0,2462.0,1.0,Gurugram,594611
5.0,,2.0,Bengaluru,987820
1.0,3352.0,1.0,Bengaluru,716039
4.0,3112.0,2.0,Noida,539773
3.0,1910.0,2.0,Gurugram,412905
3.0,2959.0,1.0,Bengaluru,740900
1.0,3395.0,1.0,,563197
1.0,2210.0,1.0,Bengaluru,498915
4.0,3033.0,2.0,Gurugram,726526
4.0,3256.0,1.0,Gurugram,682510
2.0,3014.0,1.0,Bengaluru,718129
,3862.0,3.0,Bengaluru,911654
2.0,1579.0,1.0,Gurugram,343388
2.0,3868.0,1.0,Bengaluru,852441
5.0,3455.0,1.0,Gurugram,802175
,1281.0,2.0,Noida,357860
2.0,3522.0,2.0,Noida,467878
4.0,1528.0,2.0,Gurugram,431854
4.0,3235.0,3.0,Bengaluru,876426
1.0,3463.0,3.0,Noida,413617
3.0,3369.0,3.0,Bengaluru,811655
3.0,1647.0,2.0,Bengaluru,492176
2.0,3455.0,1.0,,471727
2.0,3805.0,1.0,Gurugram,702979
5.0,1375.0,1.0,Bengaluru,558655
5.0,1486.0,2.0,Noida,424467
5.0,2987.0,1.0,Gurugram,677437
2.0,3731.0,3.0,Gurugram,682886
5.0,707.0,3.0,Gurugram,385441
2.0,2909.0,3.0,Gurugram,547030
2.0,614.0,3.0,Bengaluru,265764
4.0,1242.0,2.0,Noida,306796
5.0,2987.0,3.0,Bengaluru,860643
4.0,2251.0,2.0,Noida,442269
4.0,2154.0,3.0,Bengaluru,677529
5.0,3922.0,2.0,Gurugram,850944
5.0,3993.0,1.0,Bengaluru,1060324
2.0,700.0,2.0,Noida,171556
1.0,2437.0,3.0,Gurugram,447602
2.0,1928.0,2.0,Gurugram,400933
3.0,2298.0,2.0,Bengaluru,648974
3.0,1098.0,2.0,Noida,236473
3.0,2041.0,3.0,Noida,365376
5.0,2113.0,,Bengaluru,655988
3.0,1616.0,3.0,Noida,327949
2.0,698.0,3.0,Bengaluru,293410
1.0,,1.0,Noida,380870
4.0,2266.0,2.0,Noida,429585
4.0,1955.0,3.0,Noida,427306
2.0,1635.0,1.0,Noida,255290
3.0,3943.0,2.0,Noida,591512
4.0,3364.0,1.0,Gurugram,695824
4.0,3275.0,1.0,Gurugram,732428
5.0,3124.0,2.0,Bengaluru,895877
1.0,2060.0,2.0,Gurugram,385833
4.0,1931.0,3.0,Noida,421969
3.0,2355.0,1.0,Gurugram,504572
1.0,,2.0,Gurugram,650487
1.0,1372.0,3.0,Noida,216847
4.0,1489.0,2.0,Gurugram,423862
3.0,1446.0,3.0,Gurugram,365216
5.0,654.0,,Noida,337465
4.0,2548.0,2.0,Bengaluru,733713
1.0,534.0,1.0,Gurugram,139910
3.0,,2.0,Noida,509737
3.0,1804.0,,Noida,333102
5.0,3292.0,2.0,Bengaluru,964866
3.0,3418.0,,Bengaluru,874740
1.0,2837.0,2.0,Gurugram,478615
5.0,3050.0,1.0,Bengaluru,885236
1.0,3867.0,,Gurugram,638572
5.0,1088.0,1.0,Noida,370145
5.0,3354.0,1.0,Noida,581042
3.0,1373.0,1.0,Noida,301409
4.0,2856.0,2.0,Gurugram,641629
3.0,2269.0,2.0,Noida,367614
5.0,3609.0,,Bengaluru,999124
4.0,581.0,3.0,Noida,298519
2.0,777.0,3.0,Bengaluru,283907
3.0,3558.0,1.0,Gurugram,671404
1.0,3968.0,3.0,Bengaluru,847512
3.0,3455.0,2.0,Gurugram,710889
1.0,1264.0,3.0,Bengaluru,348748
,3463.0,3.0,Gurugram,597273
5.0,1607.0,3.0,Gurugram,508444
3.0,1909.0,1.0,Gurugram,441582
1.0,1262.0,3.0,Noida,183079
4.0,2224.0,1.0,Bengaluru,623249
4.0,619.0,2.0,Noida,270129
3.0,2970.0,2.0,Bengaluru,742902
5.0,3590.0,2.0,Noida,699264
3.0,899.0,2.0,Bengaluru,330530
5.0,2950.0,2.0,Bengaluru,864205
5.0,2147.0,3.0,Gurugram,580827
3.0,3070.0,3.0,Noida,520973
2.0,2354.0,1.0,Gurugram,452726
3.0,2185.0,2.0,Gurugram,495305
3.0,1170.0,3.0,Gurugram,327603
3.0,3653.0,3.0,Bengaluru,891236
4.0,3948.0,1.0,Bengaluru,1026603
4.0,1645.0,1.0,Gurugram,441217
4.0,1069.0,1.0,Bengaluru,450333
4.0,3522.0,2.0,Bengaluru,929751
5.0,2664.0,3.0,Gurugram,693936
5.0,1304.0,3.0,Gurugram,443865
2.0,1245.0,1.0,Noida,228454
2.0,2320.0,3.0,Noida,371031
1.0,3504.0,3.0,Noida,433528
,3893.0,1.0,Noida,565505
3.0,3684.0,2.0,Gurugram,693788
5.0,1841.0,3.0,Noida,442697
2.0,1763.0,3.0,Noida,298295
4.0,1506.0,1.0,Gurugram,423395
2.0,1421.0,3.0,Gurugram,357332
1.0,2299.0,3.0,Gurugram,430430
2.0,,2.0,Noida,278831
1.0,,1.0,Noida,246506
2.0,2529.0,2.0,Noida,385626
3.0,2174.0,1.0,Gurugram,494715
2.0,3198.0,2.0,Gurugram,596651
5.0,2460.0,3.0,Bengaluru,780906
3.0,1664.0,3.0,Noida,300832
3.0,1905.0,2.0,Bengaluru,578683
1.0,1867.0,2.0,Bengaluru,410779
4.0,1238.0,3.0,Noida,362119
1.0,2958.0,3.0,Bengaluru,667013
,3739.0,1.0,Gurugram,629665
2.0,3379.0,1.0,Bengaluru,795964
5.0,1742.0,,Bengaluru,631735
3.0,3534.0,1.0,Gurugram,670981
2.0,1208.0,3.0,Bengaluru,390077
3.0,3905.0,1.0,Bengaluru,951319
2.0,3681.0,3.0,Gurugram,697379
5.0,504.0,3.0,Noida,329008
5.0,3884.0,2.0,Bengaluru,1081742
2.0,791.0,1.0,Bengaluru,255073
5.0,901.0,2.0,Bengaluru,434896
5.0,2756.0,3.0,Noida,546841
,928.0,3.0,Gurugram,277030
1.0,1289.0,1.0,Noida,201778
4.0,2285.0,1.0,Bengaluru,674507
2.0,3611.0,1.0,Gurugram,645965
5.0,2908.0,1.0,Bengaluru,857805
1.0,3310.0,1.0,,403646
2.0,2694.0,,Bengaluru,687047
1.0,3653.0,1.0,,600418
1.0,1685.0,1.0,Bengaluru,389901
4.0,3741.0,1.0,Gurugram,822222
2.0,695.0,3.0,Noida,224234
4.0,2700.0,1.0,Noida,451016
2.0,1637.0,2.0,Noida,279207
5.0,1097.0,1.0,Bengaluru,470330
4.0,,2.0,Noida,520132
3.0,2869.0,1.0,Bengaluru,735808
2.0,2683.0,1.0,Gurugram,502875
5.0,3292.0,1.0,Bengaluru,926279
2.0,904.0,1.0,Noida,166726
3.0,1855.0,2.0,Noida,332582
4.0,1942.0,3.0,Gurugram,485936
2.0,749.0,2.0,Gurugram,208770
2.0,3006.0,3.0,Noida,444782
4.0,1452.0,3.0,Gurugram,418889
1.0,2812.0,2.0,Gurugram,490633
5.0,3601.0,1.0,Gurugram,787627
5.0,2409.0,2.0,Noida,509779
5.0,3903.0,1.0,Bengaluru,1055686
5.0,3771.0,3.0,Bengaluru,1010679
4.0,2487.0,3.0,Noida,450198
4.0,571.0,3.0,Bengaluru,325053
3.0,1286.0,3.0,Noida,301325
4.0,2483.0,1.0,Bengaluru,696175
4.0,3311.0,3.0,Gurugram,710774
4.0,2376.0,1.0,Gurugram,580984
5.0,2241.0,1.0,Noida,486064
3.0,3231.0,,Gurugram,650313
4.0,2427.0,3.0,,716225
2.0,775.0,3.0,Noida,196450
1.0,817.0,2.0,,150935
4.0,3581.0,3.0,Gurugram,762276
4.0,3863.0,3.0,Gurugram,798894
5.0,1805.0,2.0,Bengaluru,627717
3.0,2723.0,3.0,Noida,455759
2.0,716.0,2.0,Bengaluru,267204
2.0,3403.0,1.0,Noida,465160
5.0,2403.0,1.0,Gurugram,607953
4.0,3553.0,3.0,Noida,577738
,625.0,1.0,Noida,182232
5.0,3014.0,3.0,Noida,575551
5.0,3287.0,3.0,Bengaluru,934155
3.0,1818.0,3.0,Gurugram,455749
2.0,2187.0,1.0,,308356
5.0,3473.0,3.0,Gurugram,821907
1.0,1536.0,1.0,,374571
3.0,1229.0,3.0,,329914
4.0,1078.0,2.0,Bengaluru,431153
2.0,584.0,2.0,,246170
2.0,2945.0,,Gurugram,583963
4.0,3031.0,1.0,Bengaluru,844393
1.0,2641.0,3.0,Bengaluru,622895
1.0,2097.0,1.0,Gurugram,373505
2.0,2754.0,2.0,Noida,402687
4.0,,,Noida,618302
4.0,3159.0,2.0,Gurugram,705594
3.0,2209.0,1.0,,367394
4.0,2547.0,1.0,Noida,483588
2.0,888.0,2.0,Gurugram,283039
3.0,3620.0,2.0,Noida,556635
1.0,3111.0,1.0,Gurugram,516323
1.0,3842.0,1.0,Noida,453043
5.0,1281.0,1.0,Bengaluru,510863
4.0,3772.0,3.0,Gurugram,807955
2.0,1749.0,3.0,Bengaluru,483989
5.0,2369.0,3.0,Gurugram,630465
1.0,,1.0,Gurugram,423459
5.0,,3.0,Gurugram,631033
1.0,2315.0,3.0,Noida,311008
2.0,3853.0,2.0,Bengaluru,874595
2.0,3324.0,2.0,Gurugram,612708
5.0,3645.0,3.0,Gurugram,833203
,1281.0,1.0,Noida,349581
1.0,745.0,3.0,Gurugram,182841
1.0,1539.0,2.0,,232336
5.0,1850.0,1.0,Gurugram,547448
2.0,1006.0,1.0,Gurugram,246610
5.0,2126.0,,Gurugram,604920
2.0,2281.0,1.0,Gurugram,424347
3.0,2283.0,3.0,,497239
4.0,2483.0,1.0,Bengaluru,699861
,2019.0,3.0,Bengaluru,553233
2.0,2426.0,3.0,Gurugram,508950
4.0,2397.0,3.0,Gurugram,609873
2.0,733.0,2.0,Noida,164751
2.0,3731.0,1.0,,460654
4.0,1318.0,2.0,Bengaluru,474102
3.0,2332.0,1.0,Bengaluru,627695
,1171.0,,Noida,365236
1.0,3303.0,3.0,Bengaluru,769978
2.0,1175.0,3.0,Gurugram,294855
1.0,711.0,2.0,,241883
3.0,2170.0,1.0,Gurugram,483953
2.0,3032.0,3.0,Gurugram,567526
3.0,1813.0,2.0,Bengaluru,521062
1.0,1842.0,3.0,Gurugram,346410
5.0,,1.0,Bengaluru,916810
5.0,674.0,1.0,Bengaluru,369872
2.0,2747.0,1.0,Gurugram,543355
3.0,2167.0,3.0,Gurugram,487566
2.0,3865.0,3.0,Gurugram,710510
5.0,3812.0,1.0,Noida,619402
4.0,3594.0,,Bengaluru,909223
4.0,744.0,1.0,Bengaluru,362676
3.0,3629.0,3.0,Gurugram,689256
4.0,1826.0,2.0,Gurugram,475708
2.0,3427.0,2.0,Bengaluru,789168
4.0,538.0,1.0,Bengaluru,303604
4.0,715.0,1.0,Gurugram,317747
1.0,1032.0,2.0,,187509
3.0,3210.0,,Noida,496812
5.0,3143.0,3.0,Gurugram,759011
5.0,3000.0,1.0,,731783
4.0,2138.0,2.0,Noida,447387
5.0,3069.0,1.0,Gurugram,707946
4.0,2133.0,2.0,Gurugram,535633
4.0,3014.0,2.0,Noida,513830
5.0,723.0,2.0,,347122
1.0,825.0,3.0,Bengaluru,256452
4.0,2025.0,,Bengaluru,658119
1.0,1612.0,2.0,Gurugram,327970
4.0,1125.0,1.0,Gurugram,402930
3.0,945.0,2.0,Noida,276168
4.0,,3.0,Gurugram,354083
,3466.0,2.0,Gurugram,552214
,3243.0,2.0,Noida,552182
5.0,1960.0,1.0,,520289
4.0,726.0,1.0,Gurugram,290117
3.0,3198.0,3.0,Noida,487742
4.0,632.0,3.0,Noida,303049
3.0,3735.0,2.0,Bengaluru,941611
4.0,2789.0,1.0,Bengaluru,760479
5.0,1407.0,3.0,Noida,409150
2.0,1543.0,3.0,Noida,305257
5.0,1647.0,1.0,Noida,413293
2.0,2149.0,2.0,Bengaluru,537798
5.0,3937.0,,Noida,658212
5.0,2399.0,1.0,Noida,506687
2.0,1715.0,2.0,Noida,332474
1.0,2122.0,3.0,Noida,280492
4.0,1669.0,2.0,Gurugram,473759
3.0,2346.0,3.0,Bengaluru,600867
3.0,2365.0,3.0,Bengaluru,678854
2.0,3019.0,3.0,Noida,436911
1.0,1947.0,1.0,Bengaluru,421990
3.0,2619.0,,Bengaluru,696748
3.0,1967.0,3.0,Bengaluru,532098
2.0,3031.0,2.0,Gurugram,544457
4.0,3957.0,1.0,Noida,618568
3.0,1759.0,3.0,Noida,343725
1.0,3672.0,2.0,Gurugram,608909
5.0,979.0,3.0,Bengaluru,482782
3.0,3080.0,1.0,Noida,472117
,3211.0,2.0,Noida,498267
5.0,,1.0,Gurugram,603929
5.0,2285.0,3.0,Bengaluru,747379
3.0,2607.0,2.0,Bengaluru,692989
4.0,1300.0,2.0,Noida,322730
3.0,,2.0,Bengaluru,579689
5.0,3515.0,1.0,Gurugram,780903
3.0,3383.0,1.0,Gurugram,667456
2.0,1326.0,2.0,Noida,229937
2.0,3702.0,1.0,Noida,494828
5.0,843.0,2.0,Noida,347409
1.0,1378.0,2.0,Bengaluru,338643
4.0,3825.0,3.0,Gurugram,846616
1.0,789.0,2.0,Gurugram,158702
5.0,2137.0,2.0,Bengaluru,715348
4.0,1246.0,1.0,Gurugram,391003
1.0,613.0,1.0,Noida,113786
4.0,,2.0,Bengaluru,682583
1.0,1327.0,1.0,Bengaluru,324913
4.0,1026.0,3.0,Noida,323657
4.0,1070.0,3.0,Noida,348702
3.0,,2.0,Noida,529430
5.0,3732.0,2.0,Gurugram,811757
5.0,1984.0,2.0,Noida,463674
2.0,3232.0,1.0,Noida,432273
1.0,1896.0,1.0,Noida,250031
3.0,3338.0,2.0,Noida,479173
3.0,1111.0,2.0,Bengaluru,416289
2.0,581.0,1.0,Bengaluru,266949
2.0,1278.0,1.0,Noida,236430
5.0,3652.0,1.0,Bengaluru,955734
,2147.0,3.0,Noida,491202
5.0,2636.0,1.0,Noida,534224
4.0,,1.0,Bengaluru,679801
5.0,644.0,1.0,Gurugram,337307
,,,Bengaluru,642752
1.0,3828.0,2.0,Noida,447496
1.0,652.0,1.0,,165289
3.0,2640.0,2.0,Gurugram,549576
2.0,1144.0,1.0,Noida,222327
5.0,1569.0,,Bengaluru,616038
2.0,,2.0,Bengaluru,336237
5.0,3382.0,3.0,Gurugram,787240
1.0,2653.0,1.0,Noida,330597
2.0,2371.0,2.0,Gurugram,466013
4.0,2226.0,2.0,Gurugram,576511
2.0,2170.0,1.0,Bengaluru,521117
5.0,1921.0,3.0,Noida,496875
1.0,607.0,,Noida,133370
5.0,988.0,1.0,Gurugram,446922
1.0,622.0,3.0,Bengaluru,233714
4.0,1711.0,1.0,Bengaluru,532032
1.0,1336.0,1.0,Gurugram,265958
5.0,3018.0,1.0,Gurugram,723948
4.0,2258.0,3.0,Bengaluru,693330
2.0,803.0,3.0,Gurugram,230438
3.0,,2.0,Bengaluru,283977
4.0,1843.0,2.0,Bengaluru,605835
2.0,3565.0,3.0,Gurugram,672227
1.0,900.0,2.0,Bengaluru,249425
2.0,3430.0,1.0,Gurugram,574313
4.0,1421.0,3.0,Gurugram,438103
1.0,2380.0,2.0,Gurugram,410286
4.0,1219.0,1.0,Bengaluru,469138
3.0,1852.0,2.0,Gurugram,449165
1.0,3009.0,2.0,Noida,344480
1.0,645.0,2.0,Bengaluru,186371
5.0,3483.0,2.0,Gurugram,768250
2.0,3884.0,3.0,Bengaluru,910685
5.0,2742.0,1.0,Bengaluru,806151
1.0,1633.0,1.0,Bengaluru,418201
4.0,2960.0,2.0,Noida,523902
5.0,685.0,3.0,Bengaluru,395126
2.0,1243.0,1.0,Gurugram,265639
5.0,,1.0,Noida,580787
5.0,1070.0,2.0,Noida,361851
3.0,1060.0,,Gurugram,357014
5.0,3179.0,2.0,Gurugram,722599
4.0,3322.0,2.0,Bengaluru,926826
4.0,,2.0,Bengaluru,499662
5.0,,2.0,Noida,362384
2.0,1289.0,3.0,Bengaluru,383526
1.0,3871.0,2.0,Bengaluru,835047
3.0,3805.0,1.0,Noida,523353
2.0,3957.0,3.0,Bengaluru,927825
2.0,1834.0,2.0,Noida,331342
4.0,1607.0,3.0,Noida,378711
2.0,1086.0,1.0,Gurugram,261985
1.0,1071.0,2.0,Noida,130088
4.0,2580.0,2.0,Noida,453826
4.0,1678.0,2.0,Bengaluru,548373
5.0,2280.0,3.0,Bengaluru,710237
5.0,988.0,3.0,Bengaluru,459520
1.0,2620.0,1.0,Gurugram,482453
4.0,3570.0,1.0,Noida,557693
2.0,3292.0,2.0,Noida,450442
5.0,2462.0,1.0,Gurugram,606443
4.0,2655.0,2.0,Gurugram,615095
2.0,3702.0,3.0,Gurugram,729044
4.0,761.0,,Noida,304602
5.0,3637.0,2.0,Noida,603470
2.0,2843.0,2.0,,555286
3.0,2572.0,2.0,Gurugram,559030
4.0,829.0,3.0,Noida,305467
1.0,3181.0,,Bengaluru,717685
4.0,2971.0,1.0,Noida,522754
2.0,3636.0,1.0,,876158
5.0,1956.0,1.0,Bengaluru,650623
3.0,2494.0,2.0,Noida,423561
3.0,3163.0,3.0,Gurugram,646842
3.0,2535.0,2.0,Gurugram,561391
,1791.0,1.0,Gurugram,472529
4.0,1776.0,3.0,Gurugram,482511
3.0,2365.0,3.0,Bengaluru,675693
4.0,2692.0,2.0,Bengaluru,781745
2.0,3328.0,1.0,Bengaluru,776277
2.0,698.0,1.0,Gurugram,209344
2.0,3193.0,3.0,Gurugram,604932
5.0,1631.0,2.0,Bengaluru,628291
3.0,2562.0,2.0,Bengaluru,675182
5.0,,3.0,Gurugram,593605
5.0,1011.0,3.0,Noida,364570
5.0,3054.0,3.0,Bengaluru,897183
4.0,1342.0,3.0,Bengaluru,527168
,604.0,2.0,Gurugram,144964
1.0,2538.0,1.0,Gurugram,422288
3.0,2078.0,2.0,Gurugram,538435
1.0,3949.0,2.0,Bengaluru,855448
3.0,3890.0,1.0,Bengaluru,925364
4.0,3180.0,1.0,,636662
2.0,2906.0,,Gurugram,570279
4.0,502.0,2.0,Gurugram,285584
5.0,776.0,2.0,Noida,347994
1.0,1468.0,3.0,Gurugram,314134
2.0,3208.0,2.0,Noida,442079
3.0,2513.0,1.0,Bengaluru,671330
5.0,2250.0,,,478164
3.0,564.0,2.0,Noida,196374
5.0,1422.0,3.0,Bengaluru,545569
4.0,634.0,2.0,Noida,323760
4.0,1966.0,1.0,Bengaluru,589716
1.0,2254.0,,Bengaluru,544628
2.0,2974.0,3.0,Bengaluru,774482
,2336.0,2.0,Noida,296334
4.0,1401.0,2.0,Gurugram,429273
2.0,2950.0,2.0,Gurugram,556054
5.0,3044.0,3.0,Bengaluru,901694
1.0,1597.0,1.0,Gurugram,293622
5.0,846.0,2.0,Noida,355252
4.0,1236.0,1.0,Bengaluru,431606
4.0,633.0,2.0,Noida,269848
5.0,3642.0,1.0,Bengaluru,977550
3.0,2614.0,3.0,Bengaluru,723195
1.0,1244.0,2.0,Noida,218626
3.0,1975.0,2.0,Gurugram,396057
5.0,,3.0,Bengaluru,754017
4.0,3464.0,2.0,Gurugram,735946
2.0,3374.0,3.0,Bengaluru,800063
2.0,1365.0,3.0,Gurugram,356255
4.0,1600.0,2.0,Noida,463651
4.0,1856.0,3.0,Noida,406974
4.0,594.0,3.0,,289324
1.0,3607.0,3.0,Noida,393585
4.0,2225.0,3.0,,572461
3.0,3365.0,2.0,Gurugram,659895
2.0,1024.0,1.0,Gurugram,286557
5.0,2071.0,2.0,Bengaluru,685115
4.0,1604.0,3.0,Noida,401645
2.0,2792.0,1.0,Bengaluru,639701
1.0,2460.0,2.0,Noida,310685
,3881.0,2.0,Gurugram,707989
2.0,1607.0,1.0,,288955
,3359.0,3.0,Gurugram,652748
,3173.0,2.0,Gurugram,727880
1.0,620.0,3.0,Bengaluru,223646
1.0,2358.0,2.0,Gurugram,399001
1.0,,3.0,Noida,312689
3.0,1706.0,2.0,Bengaluru,463955
4.0,2546.0,2.0,Gurugram,596569
3.0,3982.0,1.0,Noida,553511
5.0,3793.0,3.0,Noida,655469
4.0,2287.0,3.0,Bengaluru,676379
3.0,3312.0,3.0,Bengaluru,882605
3.0,3913.0,1.0,Gurugram,764574
1.0,2730.0,1.0,Bengaluru,621714
3.0,3320.0,2.0,Bengaluru,826506
3.0,2947.0,2.0,Gurugram,598965
5.0,615.0,1.0,Noida,316726
1.0,2530.0,2.0,Bengaluru,592730
3.0,3663.0,1.0,Noida,525059
2.0,1365.0,1.0,Gurugram,296042
3.0,2270.0,1.0,Noida,382582
1.0,2233.0,,Noida,303360
1.0,1459.0,,Gurugram,285969
2.0,3307.0,3.0,Gurugram,600749
,1510.0,1.0,Gurugram,421870
4.0,3180.0,1.0,Gurugram,665015
3.0,1375.0,1.0,Bengaluru,423502
4.0,1187.0,3.0,Noida,402461
2.0,1767.0,2.0,Gurugram,368787
3.0,2907.0,2.0,Bengaluru,765408
4.0,,1.0,Noida,444918
5.0,3089.0,,Bengaluru,896165
5.0,2380.0,3.0,Noida,533014
3.0,2795.0,1.0,Gurugram,574092
2.0,1383.0,3.0,Gurugram,346991
1.0,3191.0,1.0,Bengaluru,716664
4.0,1380.0,2.0,Gurugram,449994
5.0,3533.0,2.0,Gurugram,795453
3.0,1613.0,1.0,Noida,288680
5.0,2546.0,2.0,Bengaluru,754567
1.0,2705.0,3.0,Gurugram,498934
1.0,1160.0,,Noida,217485
4.0,868.0,3.0,Gurugram,365640
5.0,1587.0,3.0,Gurugram,526431
3.0,1984.0,2.0,Noida,372804
1.0,1654.0,1.0,Gurugram,293659
4.0,3373.0,1.0,Bengaluru,924235
2.0,3523.0,1.0,Gurugram,643375
5.0,2916.0,2.0,Gurugram,682638
4.0,3206.0,2.0,Bengaluru,881835
5.0,2729.0,2.0,Bengaluru,788314
1.0,2017.0,1.0,Noida,280564
2.0,2932.0,2.0,Bengaluru,710398
1.0,3877.0,1.0,Gurugram,639705
1.0,582.0,3.0,Gurugram,199143
4.0,1466.0,,Gurugram,450138
2.0,3461.0,2.0,Bengaluru,808401
2.0,2367.0,2.0,Noida,351463
5.0,2005.0,2.0,Gurugram,559596
4.0,1668.0,2.0,Bengaluru,572574
1.0,1782.0,1.0,Bengaluru,382430
1.0,3359.0,3.0,Gurugram,574819
4.0,3952.0,2.0,Bengaluru,1014181
5.0,765.0,1.0,Bengaluru,429786
2.0,908.0,2.0,Bengaluru,290584
5.0,3546.0,2.0,Bengaluru,952594
4.0,3425.0,2.0,Gurugram,733700
3.0,2546.0,2.0,Gurugram,563067
,2085.0,2.0,Bengaluru,466802
1.0,1607.0,2.0,Gurugram,349914
3.0,3141.0,,Bengaluru,822861
3.0,500.0,1.0,Noida,186217
2.0,2174.0,1.0,Gurugram,464000
3.0,1580.0,2.0,Bengaluru,473635
1.0,764.0,1.0,Noida,99206
3.0,3150.0,2.0,Gurugram,632654
2.0,1290.0,1.0,Noida,259093
4.0,3985.0,3.0,Bengaluru,1047488
1.0,3124.0,3.0,Gurugram,544876
5.0,767.0,2.0,,363581
5.0,618.0,1.0,Bengaluru,406724
2.0,3500.0,3.0,,659706
5.0,3423.0,1.0,Bengaluru,937630
2.0,860.0,2.0,Bengaluru,287943
3.0,1970.0,2.0,,318774
2.0,3056.0,3.0,Bengaluru,740684
3.0,535.0,1.0,Gurugram,269299
5.0,1823.0,2.0,Bengaluru,647960
1.0,1646.0,3.0,Noida,251412
4.0,3159.0,2.0,Gurugram,702746
5.0,2111.0,3.0,Gurugram,585951
2.0,3816.0,2.0,Noida,524145
1.0,1428.0,2.0,Gurugram,307387
2.0,2183.0,1.0,Bengaluru,578217
3.0,2506.0,3.0,Gurugram,549506
,986.0,3.0,Noida,276975
4.0,3125.0,3.0,,701075
5.0,2666.0,2.0,Bengaluru,793924
5.0,3635.0,3.0,Noida,622024
1.0,3043.0,2.0,Bengaluru,691538
3.0,2213.0,1.0,Gurugram,478071
3.0,,1.0,Bengaluru,471491
3.0,,2.0,Noida,401914
1.0,2861.0,1.0,Gurugram,492711
5.0,1409.0,2.0,Gurugram,483477
3.0,698.0,3.0,Bengaluru,288085
3.0,2883.0,3.0,,747166
,1322.0,3.0,Noida,343052
1.0,1221.0,3.0,Noida,204488
4.0,1725.0,1.0,Bengaluru,517573
1.0,1117.0,3.0,Bengaluru,305652
5.0,3952.0,2.0,Noida,683087
4.0,3451.0,1.0,Gurugram,733139
3.0,1408.0,1.0,Bengaluru,446208
4.0,3196.0,2.0,Bengaluru,845462
4.0,1319.0,3.0,Noida,363765
,3435.0,1.0,Gurugram,602237
5.0,2459.0,1.0,Bengaluru,749239
4.0,2072.0,1.0,Noida,408643
3.0,3106.0,1.0,Bengaluru,792090
2.0,3151.0,1.0,Gurugram,602200
2.0,3029.0,3.0,Noida,418398
3.0,651.0,3.0,Noida,207943
1.0,2445.0,2.0,Bengaluru,588870
2.0,1118.0,2.0,Bengaluru,325184
1.0,548.0,2.0,Gurugram,175202
,2454.0,3.0,Bengaluru,674559
5.0,2027.0,3.0,Bengaluru,685484
4.0,622.0,1.0,Bengaluru,326241
5.0,1441.0,3.0,Noida,414722
4.0,2724.0,3.0,Gurugram,654372
4.0,3137.0,1.0,Noida,526054
1.0,651.0,2.0,Gurugram,184961
2.0,3138.0,,Gurugram,595168
4.0,2656.0,1.0,Bengaluru,749210
1.0,1054.0,1.0,Noida,138198
5.0,2412.0,2.0,Noida,497441
